{"cameraMode":{"drawMode":0,"name":"Shaded","section":"Shading Mode"},"sceneLighting":true,"audioPlay":false,"sceneViewState":{"showFog":true,"showMaterialUpdate":false,"showSkybox":true,"showFlares":true,"showImageEffects":true,"showParticleSystems":true},"in2DMode":false,"pivot":{"x":-0.3670835494995117,"y":1.324284315109253,"z":-4.1003642082214359},"rotation":{"x":-0.09638131409883499,"y":0.8321442604064941,"z":-0.15297986567020417,"w":-0.5242645740509033},"size":1.7274665832519532,"orthographic":false}